Title,Date
5 Unexpected Challenges Faced By Distributed Teams & How to Fix Them,"
Jun 28, 2019
"
Is Your Developer Ready for Remote Work? 14 Key Interview Questions,"
Jun 20, 2019
"
Managing Developers: 6 Best Practices for Remote Teams,"
Jun 10, 2019
"
"CI/CD, Open Source, and Other Trends in DigitalOcean’s Research","
May 30, 2019
"
Pythonic Code: Best Practices to Make Your Python More Readable,"
May 28, 2019
"
Recapping Google I/O 2019 In 7 Minutes,"
May 27, 2019
"
Going Beyond Coding Skills in Technical Interviews,"
May 23, 2019
"
Adding Geolocation to Your Web App ,"
May 16, 2019
"
11 Data-backed Reasons to Work With Remote Developers,"
May 15, 2019
"
Getting Your First Gig as a Freelance Developer,"
May 09, 2019
"
