Title,Price,Link
On The Road Again Half Sleeve T-Shirt,₹ 259,https://www.bewakoof.com/p/on-the-road-again-brick-red-half-sleeve-t-shirt-for-men
Bholenaath Half Sleeve T-Shirt,₹ 299,https://www.bewakoof.com/p/bholenaath-half-sleeve-t-shirt-for-men
Alan Walker Half Sleeve T-Shirt (GID),₹ 259,https://www.bewakoof.com/p/alan-walker-red-half-sleeve-t-shirt-for-men
Hip Hop Boy Half Sleeve T-Shirt,₹ 449,https://www.bewakoof.com/p/hip-hop-boy-half-sleeve-t-shirt-for-men
Gym Karo Half Sleeve T-Shirt,₹ 299,https://www.bewakoof.com/p/gym-karo-half-sleeve-t-shirt-for-men
Iron Man Shadows Half Sleeve T-Shirt (AVL),₹ 449,https://www.bewakoof.com/p/iron-man-shadows-half-sleeve-t-shirt-for-men
Lazy Mickey Half Sleeve T-Shirt,₹ 299,https://www.bewakoof.com/p/lazy-mickey-half-sleeve-t-shirt-for-men
Dimaag Garam Half Sleeve T-Shirt,₹ 299,https://www.bewakoof.com/p/dimaag-garam-half-sleeve-t-shirt-for-men
King Gold Print Half Sleeve T-Shirt,₹ 449,https://www.bewakoof.com/p/king-gold-print-black-half-sleeve-t-shirt-for-men
Wink New Half Sleeve T-Shirt,₹ 299,https://www.bewakoof.com/p/wink-smiley-half-sleeve-t-shirt-for-men
Alan Walker Half Sleeve T-Shirt (GID),₹ 259,https://www.bewakoof.com/p/alan-walker-black-half-sleeve-t-shirt-for-men
Striped Captain America Half Sleeve T-Shirt (AVL),₹ 299,https://www.bewakoof.com/p/striped-captain-america-blue-half-sleeve-t-shirt-for-men
Roadie Half Sleeve T-Shirt,₹ 299,https://www.bewakoof.com/p/roadie-half-sleeve-t-shirt-for-men
Martin Garrix Colorful Half Sleeve T-Shirt,₹ 299,https://www.bewakoof.com/p/martin-garrix-colorful-half-sleeve-t-shirt-for-men
Play It Loud Half Sleeve T-Shirt,₹ 299,https://www.bewakoof.com/p/play-it-loud-orange-half-sleeve-t-shirt-for-men
It's My Life Half Sleeve T-Shirt,₹ 299,https://www.bewakoof.com/p/its-my-life-red-half-sleeve-t-shirt-for-men
Peek Out Half Sleeve T-Shirt,₹ 299,https://www.bewakoof.com/p/peek-out-orange-half-sleeve-t-shirt-for-men
Beast Is Unleashed Half Sleeve T-Shirt,₹ 299,https://www.bewakoof.com/p/beast-is-unleashed-grey-half-sleeve-t-shirt-for-men
Lazy Mickey Half Sleeve T-Shirt (DL),₹ 299,https://www.bewakoof.com/p/lazy-mickey-blue-haze-half-sleeve-t-shirt-for-men
Skrlx Half Sleeve T-Shirt,₹ 299,https://www.bewakoof.com/p/skrlx-half-sleeve-t-shirt-for-men
Biker Swag Half Sleeve T-Shirt,₹ 299,https://www.bewakoof.com/p/biker-swag-yellow-half-sleeve-t-shirt-for-men
Dab Marshmello Half Sleeve T-Shirt,₹ 299,https://www.bewakoof.com/p/dab-marshmello-half-sleeve-t-shirt-for-men
Biker Swag Half Sleeve T-Shirt,₹ 299,https://www.bewakoof.com/p/biker-swag-grey-half-sleeve-t-shirt-for-men
Hope Pin Half Sleeve T-Shirt,₹ 299,https://www.bewakoof.com/p/hope-pin-half-sleeve-t-shirt-for-men
Thanos Half Sleeve T-Shirt (AVEGL),₹ 449,https://www.bewakoof.com/p/thanos-half-sleeve-t-shirt-for-men
Talli Boy Half Sleeve T-Shirt,₹ 299,https://www.bewakoof.com/p/talli-boy-orange-half-sleeve-t-shirt-for-men
Whatever It Takes Half Sleeve T-Shirt (AVL),₹ 299,https://www.bewakoof.com/p/whatever-it-takes-half-sleeve-t-shirt-for-men
Avengers Paper Half Sleeve T-Shirt (AVL),₹ 299,https://www.bewakoof.com/p/avengers-paper-half-sleeve-t-shirt-for-men
Apna Time Ayega Half Sleeve T-Shirt,₹ 299,https://www.bewakoof.com/p/apna-time-ayega-black-half-sleeve-t-shirt-for-men
Beard Man Half Sleeve T-Shirt,₹ 299,https://www.bewakoof.com/p/beard-man-half-sleeve-t-shirt-for-men
Lazy Mickey Half Sleeve T-Shirt (DL),₹ 299,https://www.bewakoof.com/p/lazy-mickey-aqua-green-half-sleeve-t-shirt-for-men
Aalsi Panda Half Sleeve T-Shirt,₹ 299,https://www.bewakoof.com/p/aalsi-panda-half-sleeve-t-shirt-for-men
I Am Amazing Half Sleeve T-Shirt (SPL),₹ 449,https://www.bewakoof.com/p/i-am-amazing-pink-half-sleeve-t-shirt-for-men
Alan Walker Half Sleeve T-Shirt (GID),₹ 259,https://www.bewakoof.com/p/alan-walker-purple-half-sleeve-t-shirt-for-men
Dimaag Garam Half Sleeve T-Shirt,₹ 299,https://www.bewakoof.com/p/dimaag-garam-orange-half-sleeve-t-shirt-for-men
The Mrsmlw Dj Half Sleeve T-Shirt,₹ 449,https://www.bewakoof.com/p/the-mrsmlw-dj-half-sleeve-t-shirt-for-men
Striped Captain America Half Sleeve T-Shirt (AVL),₹ 299,https://www.bewakoof.com/p/striped-captain-america-blue-haze-half-sleeve-t-shirt-for-men
I Drink And I Know Things Half Sleeve T-Shirt (GTL),₹ 449,https://www.bewakoof.com/p/i-drink-and-i-know-things-half-sleeve-t-shirt-for-men
India Tricolor Half Sleeve T-Shirt,₹ 449,https://www.bewakoof.com/p/india-tricolor-half-sleeve-t-shirt-for-men
Play It Loud Half Sleeve T-Shirt,₹ 299,https://www.bewakoof.com/p/play-it-loud-purple-half-sleeve-t-shirt-for-men
Love You 3000 Half Sleeve T-Shirt (AVL),₹ 449,https://www.bewakoof.com/p/love-you-3000-half-sleeve-t-shirt-for-men
Gym Karo Half Sleeve T-Shirt,₹ 299,https://www.bewakoof.com/p/gym-karo-purple-half-sleeve-t-shirt-for-men
Dabbing Panda Half Sleeve T-Shirt,₹ 299,https://www.bewakoof.com/p/dabbing-panda-half-sleeve-t-shirt-for-men
Dab Marshmello Half Sleeve T-Shirt,₹ 299,https://www.bewakoof.com/p/dab-marshmello-blue-haze-half-sleeve-t-shirt-for-men
Offline Photorealistic Half Sleeve T-Shirt,₹ 449,https://www.bewakoof.com/p/offline-photorealistic-half-sleeve-t-shirt-for-men
Gully Cricket Half Sleeve T-Shirt,₹ 449,https://www.bewakoof.com/p/gully-cricket-half-sleeve-t-shirt-for-men
War God Half Sleeve T-Shirt,₹ 449,https://www.bewakoof.com/p/war-god-half-sleeve-t-shirt-for-men
I Am Amazing Half Sleeve T-Shirt (SPL),₹ 449,https://www.bewakoof.com/p/i-am-amazing-half-sleeve-t-shirt-for-men
Avengers Endgame Half Sleeve T-Shirt (AVL),₹ 449,https://www.bewakoof.com/p/avengers-endgame-half-sleeve-t-shirt-for-men
Blue Fox Neps Henley Full Sleeve Shirt,₹ 999,https://www.bewakoof.com/p/blue-fox-neps-henley-full-sleeve-shirt-for-men
Snow Grey Mandarin Collar Shirt,₹ 699,https://www.bewakoof.com/p/snow-grey-mandarin-collar-shirt-for-men
Ash Grey Checked Shirt,₹ 899,https://www.bewakoof.com/p/ash-grey-checked-shirt-for-men
Coal Black Henley Full Sleeve Shirt,₹ 849,https://www.bewakoof.com/p/coal-black-henley-full-sleeve-shirt-for-men
Slate Grey Plain Denim Joggers,₹ 1099,https://www.bewakoof.com/p/slate-grey-plain-denim-joggers-for-men
